{
  "minecraft:recipes/decorations/blue_carpet": {
    "criteria": {
      "has_blue_wool": "2025-09-24 19:29:57 +0200"
    },
    "done": true
  },
  "minecraft:recipes/decorations/composter": {
    "criteria": {
      "has_wood_slab": "2025-09-24 19:49:46 +0200"
    },
    "done": true
  },
  "minecraft:recipes/transportation/dark_oak_boat": {
    "criteria": {
      "in_water": "2025-09-24 20:15:53 +0200"
    },
    "done": true
  },
  "minecraft:recipes/decorations/chest": {
    "criteria": {
      "has_lots_of_items": "2025-09-24 19:33:25 +0200"
    },
    "done": true
  },
  "minecraft:recipes/transportation/birch_boat": {
    "criteria": {
      "in_water": "2025-09-24 20:15:53 +0200"
    },
    "done": true
  },
  "splatcraft:story/change_ink_color": {
    "criteria": {
      "changed_color": "2025-09-24 19:19:58 +0200"
    },
    "done": true
  },
  "minecraft:recipes/decorations/blue_bed": {
    "criteria": {
      "has_blue_wool": "2025-09-24 19:29:57 +0200"
    },
    "done": true
  },
  "minecraft:recipes/decorations/painting": {
    "criteria": {
      "has_wool": "2025-09-24 19:29:57 +0200"
    },
    "done": true
  },
  "minecraft:recipes/decorations/barrel": {
    "criteria": {
      "has_wood_slab": "2025-09-24 19:49:46 +0200"
    },
    "done": true
  },
  "minecraft:recipes/transportation/acacia_boat": {
    "criteria": {
      "in_water": "2025-09-24 20:15:53 +0200"
    },
    "done": true
  },
  "minecraft:recipes/transportation/oak_boat": {
    "criteria": {
      "in_water": "2025-09-24 20:15:53 +0200"
    },
    "done": true
  },
  "splatcraft:story/every_ink_color": {
    "criteria": {
      "dye_yellow": "2025-09-24 19:20:01 +0200",
      "pink": "2025-09-24 19:19:58 +0200",
      "blue": "2025-09-24 19:19:59 +0200"
    },
    "done": false
  },
  "minecraft:recipes/decorations/blue_banner": {
    "criteria": {
      "has_blue_wool": "2025-09-24 19:29:57 +0200"
    },
    "done": true
  },
  "minecraft:adventure/root": {
    "criteria": {
      "killed_something": "2025-09-24 20:17:14 +0200"
    },
    "done": true
  },
  "splatcraft:story/turf_war_won": {
    "criteria": {
      "scan_turf": "2025-09-24 20:21:17 +0200"
    },
    "done": true
  },
  "minecraft:recipes/transportation/jungle_boat": {
    "criteria": {
      "in_water": "2025-09-24 20:15:53 +0200"
    },
    "done": true
  },
  "minecraft:recipes/transportation/spruce_boat": {
    "criteria": {
      "in_water": "2025-09-24 20:15:53 +0200"
    },
    "done": true
  },
  "splatcraft:story/turf_war_ruler": {
    "criteria": {
      "scan_turf": "2025-09-24 20:21:17 +0200"
    },
    "done": true
  },
  "minecraft:adventure/adventuring_time": {
    "criteria": {
      "minecraft:plains": "2025-09-24 19:18:47 +0200"
    },
    "done": false
  },
  "DataVersion": 2975
}