{
  "minecraft:recipes/building_blocks/smooth_stone_slab": {
    "criteria": {
      "has_smooth_stone": "2025-09-24 16:36:02 +0200"
    },
    "done": true
  },
  "splatcraft:unlocks/kensa_52_gal": {
    "criteria": {
      "default": "2025-09-24 16:25:32 +0200"
    },
    "done": true
  },
  "minecraft:recipes/building_blocks/chiseled_stone_bricks": {
    "criteria": {
      "has_tag": "2025-09-24 16:36:18 +0200"
    },
    "done": true
  },
  "minecraft:recipes/building_blocks/stone_brick_slab_from_stone_bricks_stonecutting": {
    "criteria": {
      "has_stone_bricks": "2025-09-24 16:36:18 +0200"
    },
    "done": true
  },
  "minecraft:recipes/decorations/stone_brick_wall_from_stone_bricks_stonecutting": {
    "criteria": {
      "has_stone_bricks": "2025-09-24 16:36:18 +0200"
    },
    "done": true
  },
  "splatcraft:recipes/splatcraft_general/plated_barrier_bar": {
    "criteria": {
      "has_item": "2025-09-24 16:10:58 +0200"
    },
    "done": true
  },
  "splatcraft:story/turf_war_ruler": {
    "criteria": {
      "scan_turf": "2025-09-24 20:54:14 +0200"
    },
    "done": true
  },
  "minecraft:adventure/adventuring_time": {
    "criteria": {
      "minecraft:plains": "2025-09-22 20:27:42 +0200"
    },
    "done": false
  },
  "minecraft:recipes/building_blocks/chiseled_stone_bricks_from_stone_bricks_stonecutting": {
    "criteria": {
      "has_stone_bricks": "2025-09-24 16:36:18 +0200"
    },
    "done": true
  },
  "minecraft:recipes/decorations/blast_furnace": {
    "criteria": {
      "has_smooth_stone": "2025-09-24 16:36:02 +0200"
    },
    "done": true
  },
  "minecraft:recipes/misc/map": {
    "criteria": {
      "has_compass": "2025-09-22 20:29:10 +0200"
    },
    "done": true
  },
  "minecraft:recipes/building_blocks/stone_brick_slab": {
    "criteria": {
      "has_stone_bricks": "2025-09-24 16:36:18 +0200"
    },
    "done": true
  },
  "minecraft:recipes/transportation/birch_boat": {
    "criteria": {
      "in_water": "2025-09-23 19:53:18 +0200"
    },
    "done": true
  },
  "minecraft:recipes/decorations/chest": {
    "criteria": {
      "has_lots_of_items": "2025-09-24 16:11:02 +0200"
    },
    "done": true
  },
  "splatcraft:story/change_ink_color": {
    "criteria": {
      "changed_color": "2025-09-24 16:09:50 +0200"
    },
    "done": true
  },
  "splatcraft:recipes/splatcraft_general/caution_barrier_bar": {
    "criteria": {
      "has_item": "2025-09-24 16:10:58 +0200"
    },
    "done": true
  },
  "minecraft:recipes/decorations/light_gray_bed": {
    "criteria": {
      "has_light_gray_wool": "2025-09-24 16:34:03 +0200"
    },
    "done": true
  },
  "minecraft:recipes/decorations/light_gray_carpet": {
    "criteria": {
      "has_light_gray_wool": "2025-09-24 16:34:03 +0200"
    },
    "done": true
  },
  "minecraft:recipes/decorations/painting": {
    "criteria": {
      "has_wool": "2025-09-23 19:52:39 +0200"
    },
    "done": true
  },
  "minecraft:recipes/building_blocks/snow_block": {
    "criteria": {
      "has_snowball": "2025-09-23 19:54:46 +0200"
    },
    "done": true
  },
  "minecraft:recipes/transportation/acacia_boat": {
    "criteria": {
      "in_water": "2025-09-23 19:53:18 +0200"
    },
    "done": true
  },
  "splatcraft:recipes/splatcraft_general/remote_pedestal": {
    "criteria": {
      "has_remote": "2025-09-22 20:33:12 +0200"
    },
    "done": true
  },
  "minecraft:adventure/root": {
    "criteria": {
      "killed_by_something": "2025-09-24 20:20:06 +0200"
    },
    "done": true
  },
  "splatcraft:story/get_weapon_workbench": {
    "criteria": {
      "has_item": "2025-09-22 20:35:02 +0200"
    },
    "done": true
  },
  "minecraft:recipes/transportation/jungle_boat": {
    "criteria": {
      "in_water": "2025-09-23 19:53:18 +0200"
    },
    "done": true
  },
  "minecraft:recipes/transportation/spruce_boat": {
    "criteria": {
      "in_water": "2025-09-23 19:53:18 +0200"
    },
    "done": true
  },
  "minecraft:recipes/building_blocks/cracked_stone_bricks": {
    "criteria": {
      "has_stone_bricks": "2025-09-24 16:36:18 +0200"
    },
    "done": true
  },
  "minecraft:recipes/misc/iron_ingot_from_iron_block": {
    "criteria": {
      "has_iron_block": "2025-09-24 16:22:26 +0200"
    },
    "done": true
  },
  "minecraft:recipes/decorations/gray_banner": {
    "criteria": {
      "has_gray_wool": "2025-09-23 19:52:39 +0200"
    },
    "done": true
  },
  "minecraft:recipes/transportation/dark_oak_boat": {
    "criteria": {
      "in_water": "2025-09-23 19:53:18 +0200"
    },
    "done": true
  },
  "minecraft:recipes/decorations/light_gray_banner": {
    "criteria": {
      "has_light_gray_wool": "2025-09-24 16:34:03 +0200"
    },
    "done": true
  },
  "splatcraft:recipes/splatcraft_general/ink_vat": {
    "criteria": {
      "has_item": "2025-09-24 16:25:43 +0200"
    },
    "done": true
  },
  "splatcraft:recipes/splatcraft_general/ink_cloth_chestplate": {
    "criteria": {
      "has_item": "2025-09-24 16:29:27 +0200"
    },
    "done": true
  },
  "minecraft:recipes/food/cake": {
    "criteria": {
      "has_egg": "2025-09-22 20:29:10 +0200"
    },
    "done": true
  },
  "splatcraft:unlocks/kensa_octobrush": {
    "criteria": {
      "default": "2025-09-24 16:25:32 +0200"
    },
    "done": true
  },
  "splatcraft:story/toni_kensa_pin": {
    "criteria": {
      "has_item": "2025-09-24 16:25:32 +0200"
    },
    "done": true
  },
  "splatcraft:recipes/splatcraft_general/ink_cloth_leggings": {
    "criteria": {
      "has_item": "2025-09-24 16:29:27 +0200"
    },
    "done": true
  },
  "minecraft:recipes/decorations/stone_brick_wall": {
    "criteria": {
      "has_stone_bricks": "2025-09-24 16:36:18 +0200"
    },
    "done": true
  },
  "splatcraft:unlocks/kensa_splattershot_jr": {
    "criteria": {
      "default": "2025-09-24 16:25:32 +0200"
    },
    "done": true
  },
  "minecraft:recipes/decorations/gray_carpet": {
    "criteria": {
      "has_gray_wool": "2025-09-23 19:52:39 +0200"
    },
    "done": true
  },
  "minecraft:recipes/decorations/gray_bed": {
    "criteria": {
      "has_gray_wool": "2025-09-23 19:52:39 +0200"
    },
    "done": true
  },
  "minecraft:recipes/building_blocks/stone_brick_stairs_from_stone_bricks_stonecutting": {
    "criteria": {
      "has_stone_bricks": "2025-09-24 16:36:18 +0200"
    },
    "done": true
  },
  "minecraft:recipes/decorations/snow": {
    "criteria": {
      "has_snowball": "2025-09-23 19:54:46 +0200"
    },
    "done": true
  },
  "splatcraft:unlocks/kensa_glooga_dualies": {
    "criteria": {
      "default": "2025-09-24 16:25:32 +0200"
    },
    "done": true
  },
  "minecraft:recipes/transportation/oak_boat": {
    "criteria": {
      "in_water": "2025-09-23 19:53:18 +0200"
    },
    "done": true
  },
  "splatcraft:story/every_ink_color": {
    "criteria": {
      "dye_yellow": "2025-09-24 16:37:56 +0200",
      "pink": "2025-09-24 16:09:50 +0200",
      "dye_white": "2025-09-24 20:01:18 +0200",
      "blue": "2025-09-24 16:10:10 +0200"
    },
    "done": false
  },
  "minecraft:recipes/decorations/anvil": {
    "criteria": {
      "has_iron_block": "2025-09-24 16:22:26 +0200"
    },
    "done": true
  },
  "splatcraft:story/turf_war_won": {
    "criteria": {
      "scan_turf": "2025-09-22 20:33:32 +0200"
    },
    "done": true
  },
  "splatcraft:recipes/splatcraft_general/ink_cloth_boots": {
    "criteria": {
      "has_item": "2025-09-24 16:29:27 +0200"
    },
    "done": true
  },
  "minecraft:recipes/building_blocks/stone_brick_stairs": {
    "criteria": {
      "has_stone_bricks": "2025-09-24 16:36:18 +0200"
    },
    "done": true
  },
  "splatcraft:recipes/splatcraft_general/squid_bumper": {
    "criteria": {
      "has_item": "2025-09-24 16:29:27 +0200"
    },
    "done": true
  },
  "splatcraft:recipes/splatcraft_general/ink_cloth_helmet": {
    "criteria": {
      "has_item": "2025-09-24 16:29:27 +0200"
    },
    "done": true
  },
  "minecraft:recipes/building_blocks/smooth_stone_slab_from_smooth_stone_stonecutting": {
    "criteria": {
      "has_smooth_stone": "2025-09-24 16:36:02 +0200"
    },
    "done": true
  },
  "DataVersion": 2975
}