{"stats":{"minecraft:custom":{"minecraft:time_since_rest":451491,"minecraft:crouch_one_cm":1970852,"minecraft:sprint_one_cm":322258,"minecraft:play_time":451491,"minecraft:walk_one_cm":1436881,"minecraft:sneak_time":115028,"minecraft:walk_under_water_one_cm":368,"minecraft:drop":1,"minecraft:jump":9219,"minecraft:damage_dealt":0,"minecraft:leave_game":5,"minecraft:walk_on_water_one_cm":1392,"minecraft:time_since_death":451491,"minecraft:total_world_time":200588,"minecraft:damage_resisted":17749,"minecraft:fall_one_cm":610915,"minecraft:fly_one_cm":2684230},"minecraft:dropped":{"minecraft:snowball":1},"minecraft:used":{"minecraft:spyglass":127,"minecraft:bow":97,"minecraft:chorus_fruit":3,"minecraft:carrot_on_a_stick":4221,"minecraft:ender_pearl":170,"minecraft:egg":271,"minecraft:snowball":11633,"minecraft:experience_bottle":157,"minecraft:bat_spawn_egg":6}},"DataVersion":2724}