{"stats":{"minecraft:custom":{"minecraft:time_since_rest":3176,"splatcraft:blocks_inked":79154,"minecraft:crouch_one_cm":2998,"minecraft:damage_taken":10385,"minecraft:sprint_one_cm":74734,"minecraft:play_time":132489,"minecraft:deaths":26,"splatcraft:squid_time":62548,"minecraft:walk_one_cm":731489,"minecraft:sneak_time":2449,"minecraft:walk_under_water_one_cm":440,"minecraft:drop":4,"splatcraft:turf_wars_won":11,"minecraft:jump":2151,"minecraft:damage_dealt":10,"minecraft:leave_game":2,"minecraft:time_since_death":3174,"minecraft:walk_on_water_one_cm":661,"minecraft:total_world_time":132489,"minecraft:damage_resisted":601,"minecraft:swim_one_cm":1911,"minecraft:fall_one_cm":113611,"minecraft:fly_one_cm":586180,"minecraft:player_kills":21},"minecraft:dropped":{"minecraft:barrier":1,"splatcraft:suction_bomb":1,"minecraft:birch_slab":1,"minecraft:blue_wool":1},"minecraft:killed_by":{"minecraft:player":26},"minecraft:picked_up":{"splatcraft:splattershot":1,"splatcraft:spawn_pad":1,"splatcraft:classic_ink_tank":1},"minecraft:used":{"splatcraft:spawn_pad":3,"splatcraft:classic_ink_tank":1,"splatcraft:splat_switch":1,"splatcraft:squid_bumper":3,"splatcraft:grate_ramp":18,"minecraft:blue_wool":1}},"DataVersion":2975}