{"stats":{"minecraft:dropped":{"minecraft:gray_wool":1,"splatcraft:ink_cloth_boots":2,"splatcraft:suction_bomb":1,"splatcraft:splat_bomb":1,"splatcraft:classic_ink_tank":3,"splatcraft:curling_bomb":1,"splatcraft:splattershot":1,"minecraft:barrier":1,"splatcraft:tarp":64,"splatcraft:burst_bomb":1,"splatcraft:spawn_pad":1,"splatcraft:ink_cloth_leggings":2,"splatcraft:ink_cloth_helmet":2},"minecraft:custom":{"minecraft:time_since_rest":3366,"minecraft:sprint_one_cm":62526,"minecraft:damage_taken":6066,"minecraft:walk_one_cm":918853,"minecraft:drop":18,"splatcraft:turf_wars_won":18,"minecraft:swim_one_cm":8670,"minecraft:player_kills":28,"minecraft:fly_one_cm":1445386,"splatcraft:blocks_inked":62205,"minecraft:crouch_one_cm":38760,"minecraft:play_time":195944,"splatcraft:squid_time":70344,"minecraft:deaths":15,"minecraft:sneak_time":4884,"minecraft:walk_under_water_one_cm":1036,"minecraft:jump":1838,"minecraft:leave_game":4,"minecraft:time_since_death":3365,"minecraft:walk_on_water_one_cm":3047,"minecraft:total_world_time":206843,"minecraft:fall_one_cm":60940},"minecraft:killed_by":{"minecraft:player":14},"minecraft:picked_up":{"splatcraft:tarp":64,"minecraft:gray_wool":1},"minecraft:used":{"splatcraft:plated_barrier_bar":3,"splatcraft:empty_inkwell":1,"splatcraft:spawn_pad":16,"minecraft:iron_block":2,"splatcraft:coralite_stairs":16,"minecraft:barrier":3,"splatcraft:barrier_bar":3,"minecraft:carrot_on_a_stick":257,"splatcraft:turf_scanner":10,"minecraft:ender_pearl":2,"splatcraft:allowed_color_barrier":9,"minecraft:stone_bricks":1,"splatcraft:grate":298,"minecraft:light_gray_wool":1,"splatcraft:denied_color_barrier":8,"splatcraft:tarp":140,"splatcraft:caution_barrier_bar":1,"splatcraft:ammo_knights_workbench":1,"splatcraft:color_changer":2,"splatcraft:canvas":6,"splatcraft:grate_ramp":50,"splatcraft:stage_void":9,"splatcraft:ink_disruptor":18,"splatcraft:glass_cover":1,"minecraft:egg":4,"splatcraft:inkwell":9,"minecraft:gray_wool":19,"minecraft:snowball":42,"minecraft:smooth_stone":4,"minecraft:bat_spawn_egg":2,"minecraft:experience_bottle":3}},"DataVersion":2975}