{"stats":{"minecraft:picked_up":{"minecraft:structure_block":1,"minecraft:experience_bottle":1,"minecraft:smooth_stone":1,"minecraft:light_gray_wool":2,"minecraft:coal_block":1,"minecraft:tnt":1,"minecraft:snowball":1,"minecraft:stone_bricks":2,"minecraft:oak_planks":1,"minecraft:polished_andesite":1,"minecraft:black_wool":1},"minecraft:dropped":{"minecraft:chorus_fruit":51,"minecraft:carrot_on_a_stick":7,"minecraft:coal_block":1,"minecraft:polished_andesite":1,"minecraft:snowball":1,"minecraft:smooth_stone":1,"minecraft:experience_bottle":5,"minecraft:oak_planks":1,"minecraft:light_gray_wool":2,"minecraft:structure_block":1,"minecraft:stone_bricks":2,"minecraft:black_wool":1},"minecraft:custom":{"minecraft:mob_kills":1,"minecraft:open_barrel":6,"minecraft:leave_game":189,"minecraft:time_since_death":11686009,"minecraft:damage_resisted":19618,"minecraft:sprint_one_cm":5399447,"minecraft:walk_one_cm":17880460,"minecraft:drop":74,"minecraft:play_time":11740935,"minecraft:deaths":7,"minecraft:sneak_time":1579989,"minecraft:walk_under_water_one_cm":289881,"minecraft:jump":90572,"minecraft:walk_on_water_one_cm":196627,"minecraft:total_world_time":8525296,"minecraft:time_since_rest":11686010,"minecraft:damage_taken":1960,"minecraft:damage_dealt":100,"minecraft:swim_one_cm":23938,"minecraft:fly_one_cm":57358036,"minecraft:crouch_one_cm":22532000,"minecraft:fall_one_cm":4108694},"minecraft:killed":{"minecraft:squid":1},"minecraft:used":{"minecraft:nether_brick_fence":2,"minecraft:jungle_leaves":198,"minecraft:iron_bars":26,"minecraft:chiseled_deepslate":1,"minecraft:polished_deepslate":326,"minecraft:orange_concrete":168,"minecraft:brain_coral_fan":1,"minecraft:red_concrete":437,"minecraft:armor_stand":12,"minecraft:spruce_slab":676,"minecraft:carrot_on_a_stick":34361,"minecraft:oak_sign":793,"minecraft:polished_basalt":78,"minecraft:spruce_planks":5942,"minecraft:tinted_glass":1758,"minecraft:stone":4732,"minecraft:grass":22,"minecraft:stripped_birch_wood":58,"minecraft:bubble_coral":2,"minecraft:structure_block":178,"minecraft:dried_kelp_block":4,"minecraft:tube_coral":49,"minecraft:spruce_leaves":107,"minecraft:dirt":431,"minecraft:spyglass":1103,"minecraft:blue_stained_glass":492,"minecraft:spruce_stairs":11,"minecraft:jungle_planks":2,"minecraft:nether_bricks":2044,"minecraft:stone_stairs":154,"minecraft:deepslate_tile_slab":70,"minecraft:oak_wood":370,"minecraft:blue_concrete":51,"minecraft:granite":19,"minecraft:spruce_fence":296,"minecraft:snowball":203660,"minecraft:stripped_spruce_log":1088,"minecraft:glass":6498,"minecraft:dark_oak_planks":941,"minecraft:waxed_oxidized_copper":1070,"minecraft:sea_lantern":23,"minecraft:bricks":2190,"minecraft:stripped_dark_oak_wood":785,"minecraft:bookshelf":299,"minecraft:quartz_pillar":1228,"minecraft:spruce_wood":1225,"minecraft:quartz_slab":24,"minecraft:yellow_stained_glass":385,"minecraft:iron_block":9825,"minecraft:grass_block":1644,"minecraft:birch_sapling":1,"minecraft:slime_block":122,"minecraft:green_wool":2242,"minecraft:quartz_block":2260,"minecraft:wet_sponge":6,"minecraft:dark_oak_wood":41,"minecraft:dark_oak_slab":37,"minecraft:smooth_quartz":1690,"minecraft:barrel":85,"minecraft:stone_bricks":44488,"minecraft:smooth_basalt":26,"minecraft:bamboo":49,"minecraft:light_gray_wool":26972,"minecraft:purple_concrete":127,"minecraft:tall_grass":148,"minecraft:lime_concrete":727,"minecraft:bow":1218,"minecraft:black_stained_glass":414,"minecraft:horn_coral":41,"minecraft:hay_block":3,"minecraft:emerald_block":3,"minecraft:iron_trapdoor":5219,"minecraft:oak_sapling":12,"minecraft:deepslate_tile_stairs":41,"minecraft:podzol":3,"minecraft:gold_block":115,"minecraft:horn_coral_block":62,"minecraft:egg":6555,"minecraft:fire_coral_fan":1,"minecraft:acacia_planks":3010,"minecraft:red_dye":22,"minecraft:horn_coral_fan":14,"minecraft:brain_coral_block":4,"minecraft:quartz_bricks":158,"minecraft:water_bucket":1728,"minecraft:ink_sac":2,"minecraft:tube_coral_fan":14,"minecraft:amethyst_block":57,"minecraft:tube_coral_block":73,"minecraft:snow_block":4,"minecraft:birch_planks":2259,"minecraft:chorus_fruit":66,"minecraft:polished_andesite":3321,"minecraft:oak_planks":958,"minecraft:bubble_coral_fan":1,"minecraft:blue_wool":312,"minecraft:copper_block":1393,"minecraft:ender_pearl":3128,"minecraft:structure_void":80,"minecraft:white_dye":226,"minecraft:glow_ink_sac":228,"minecraft:deepslate_bricks":2523,"minecraft:oak_leaves":53,"minecraft:waxed_copper_block":1507,"minecraft:polished_blackstone_bricks":5,"minecraft:smooth_quartz_stairs":13,"minecraft:brain_coral":2,"minecraft:white_wool":5753,"minecraft:waxed_exposed_copper":4,"minecraft:pink_concrete":285,"minecraft:mossy_cobblestone":108,"minecraft:diamond_block":22,"minecraft:stripped_dark_oak_log":434,"minecraft:light_blue_concrete":1130,"minecraft:yellow_concrete":138,"minecraft:campfire":3,"minecraft:light_gray_concrete_powder":6,"minecraft:chiseled_quartz_block":157,"minecraft:fire_coral":3,"minecraft:gray_concrete":1035,"minecraft:black_concrete_powder":53,"minecraft:squid_spawn_egg":1,"minecraft:spruce_log":398,"minecraft:exposed_copper":30,"minecraft:bat_spawn_egg":299,"minecraft:deepslate_tiles":7626,"minecraft:oak_log":1459,"minecraft:black_terracotta":26,"minecraft:gray_terracotta":3497,"minecraft:blue_glazed_terracotta":85,"minecraft:netherite_block":1694,"minecraft:green_concrete":78,"minecraft:light":2,"minecraft:black_concrete":1256,"minecraft:black_wool":4498,"minecraft:light_gray_concrete":1262,"minecraft:command_block":383,"minecraft:birch_slab":37,"minecraft:barrier":555,"minecraft:oak_button":1,"minecraft:brown_wool":12024,"minecraft:cyan_concrete":119,"minecraft:magenta_concrete":228,"minecraft:stone_slab":1891,"minecraft:red_terracotta":92,"minecraft:spruce_sapling":189,"minecraft:gravel":371,"minecraft:yellow_wool":245,"minecraft:soul_lantern":24,"minecraft:fire_coral_block":4,"minecraft:coal_block":507,"minecraft:cobblestone":24,"minecraft:stripped_oak_wood":22,"minecraft:bubble_coral_block":4,"minecraft:white_stained_glass":398,"minecraft:chain":5,"minecraft:smooth_stone_slab":1094,"minecraft:repeating_command_block":3,"minecraft:sea_pickle":46,"minecraft:stripped_oak_log":1090,"minecraft:white_concrete":258,"minecraft:kelp":43,"minecraft:gray_wool":43168,"minecraft:bone_meal":1083,"minecraft:smooth_stone":10083,"minecraft:experience_bottle":2689,"minecraft:gray_stained_glass":170}},"DataVersion":2730}