{"stats":{"minecraft:custom":{"minecraft:time_since_rest":242746,"minecraft:crouch_one_cm":632946,"minecraft:play_one_minute":242746,"minecraft:sprint_one_cm":257890,"minecraft:walk_one_cm":429663,"minecraft:sneak_time":59322,"minecraft:walk_under_water_one_cm":910,"minecraft:drop":101,"minecraft:jump":3801,"minecraft:damage_dealt":0,"minecraft:leave_game":4,"minecraft:walk_on_water_one_cm":1957,"minecraft:time_since_death":242746,"minecraft:damage_resisted":8180,"minecraft:swim_one_cm":2011,"minecraft:fall_one_cm":199653,"minecraft:fly_one_cm":546970},"minecraft:used":{"minecraft:chorus_fruit":3,"minecraft:carrot_on_a_stick":1216,"minecraft:ender_pearl":68,"minecraft:egg":111,"minecraft:experience_bottle":71,"minecraft:snowball":5788,"minecraft:bat_spawn_egg":10},"minecraft:dropped":{"minecraft:gray_stained_glass_pane":31,"minecraft:snowball":64,"minecraft:experience_bottle":6}},"DataVersion":2586}