{"stats":{"minecraft:dropped":{"splatcraft:kelp_splat_charger":1,"minecraft:gray_wool":1},"minecraft:custom":{"splatcraft:blocks_inked":42667,"minecraft:time_since_rest":2207,"minecraft:deaths":22,"minecraft:crouch_one_cm":513,"minecraft:play_time":84866,"minecraft:sprint_one_cm":17866,"minecraft:damage_taken":8689,"splatcraft:squid_time":57554,"minecraft:walk_one_cm":741717,"minecraft:sneak_time":346,"minecraft:walk_under_water_one_cm":1278,"minecraft:drop":2,"splatcraft:turf_wars_won":17,"minecraft:jump":702,"minecraft:leave_game":1,"minecraft:walk_on_water_one_cm":1325,"minecraft:time_since_death":2205,"minecraft:total_world_time":84866,"minecraft:damage_resisted":1457,"minecraft:swim_one_cm":8383,"minecraft:fall_one_cm":69776,"minecraft:fly_one_cm":211670,"minecraft:player_kills":14},"minecraft:killed_by":{"minecraft:player":21},"minecraft:picked_up":{"splatcraft:burst_bomb":1,"splatcraft:ink_cloth_leggings":1,"splatcraft:ink_cloth_boots":1,"splatcraft:suction_bomb":1,"splatcraft:ink_cloth_helmet":1,"splatcraft:kelp_splat_charger":1,"splatcraft:splat_bomb":1,"splatcraft:curling_bomb":1,"splatcraft:classic_ink_tank":1},"minecraft:used":{"splatcraft:squid_bumper":1,"splatcraft:inkwell":1,"minecraft:gray_wool":8,"minecraft:smooth_stone":2}},"DataVersion":2975}