{"stats":{"minecraft:dropped":{"minecraft:quartz_block":2},"minecraft:custom":{"splatcraft:blocks_inked":32031,"minecraft:time_since_rest":4093,"minecraft:deaths":16,"minecraft:crouch_one_cm":41,"minecraft:play_time":131933,"minecraft:sprint_one_cm":120001,"splatcraft:squid_time":31150,"minecraft:damage_taken":7949,"minecraft:walk_one_cm":628060,"minecraft:sneak_time":45,"minecraft:walk_under_water_one_cm":115,"minecraft:drop":2,"splatcraft:turf_wars_won":11,"minecraft:jump":812,"minecraft:leave_game":1,"minecraft:walk_on_water_one_cm":827,"minecraft:time_since_death":4091,"minecraft:total_world_time":131933,"minecraft:damage_resisted":100,"minecraft:swim_one_cm":780,"minecraft:fall_one_cm":59960,"minecraft:fly_one_cm":469131,"minecraft:player_kills":14},"minecraft:killed_by":{"minecraft:player":16},"minecraft:picked_up":{"minecraft:blue_wool":1,"splatcraft:ink_cloth_leggings":1,"minecraft:quartz_block":1,"splatcraft:ink_cloth_boots":1,"splatcraft:ink_cloth_helmet":1,"splatcraft:classic_ink_tank":1},"minecraft:used":{"minecraft:quartz_block":2}},"DataVersion":2975}